<?xml version="1.0" encoding="UTF-8"?>
<extension xmlns="http://ns.adobe.com/air/extension/32.0">
    <id>com.flut.rpcANE</id>
    <versionNumber>0.33</versionNumber>
    <platforms>
        <platform name="Windows-x86">
            <applicationDeployment>
                <nativeLibrary>discord-rpc.dll</nativeLibrary>
                <initializer>ExtensionInitializer</initializer>
                <finalizer>ExtensionFinalizer</finalizer>
            </applicationDeployment>
        </platform>
		<platform name="Windows-x86-64">
            <applicationDeployment>
                <nativeLibrary>discord-rpc.dll</nativeLibrary>
                <initializer>ExtensionInitializer</initializer>
                <finalizer>ExtensionFinalizer</finalizer>
            </applicationDeployment>
        </platform>
    </platforms>
</extension>