<application xmlns="http://ns.adobe.com/air/application/51.1">
  <id>WebMain</id>
  <filename>Anomaly Realms</filename>
  <name>Anomaly Realms</name>
  <versionNumber>0.0.0</versionNumber>
  <initialWindow>
    <content>WebMain.swf</content>
    <visible>true</visible>
    <renderMode>direct</renderMode>
    <depthAndStencil>true</depthAndStencil>
  </initialWindow>
  <extensions>
    <extensionID>com.flut.rpcANE</extensionID>
  </extensions>
  <supportedProfiles>desktop extendedDesktop</supportedProfiles>
  <supportedLanguages>en da de cs es fr it iw ja ko nb nl pl pt ru sv tr zh</supportedLanguages>
  <icon>
    <image128x128>AR-Icon.png</image128x128>
  </icon>
</application>